Price,Close,High,Low,Open,Volume
Ticker,^FTSE,^FTSE,^FTSE,^FTSE,^FTSE
Date,,,,,
1999-01-04,5879.39990234375,5916.89990234375,5811.2998046875,5909.39990234375,689690000
1999-01-05,5958.2001953125,5980.5,5875.7998046875,5882.2998046875,1033599000
1999-01-06,6148.7998046875,6157.39990234375,5968.89990234375,5968.89990234375,903848000
1999-01-07,6101.2001953125,6153.7001953125,6042.5,6145.89990234375,650124000
1999-01-08,6147.2001953125,6195.60009765625,6114.7998046875,6115.39990234375,559612000
1999-01-11,6085.0,6186.5,6063.2998046875,6164.60009765625,410137000
1999-01-12,6033.60009765625,6140.2998046875,6024.5,6086.10009765625,565013000
1999-01-13,5850.10009765625,5984.2001953125,5746.5,5984.2001953125,619930000
1999-01-14,5820.2001953125,5937.7998046875,5798.7001953125,5842.0,714333000
1999-01-15,5941.0,5941.0,5736.7998046875,5804.60009765625,584966000
1999-01-18,6123.89990234375,6123.89990234375,6013.2001953125,6013.39990234375,619850000
1999-01-19,6027.60009765625,6138.7001953125,6016.39990234375,6106.5,605031000
1999-01-20,6105.60009765625,6129.10009765625,6048.7998046875,6050.5,721035000
1999-01-21,6022.2998046875,6124.60009765625,6021.89990234375,6097.60009765625,686857000
1999-01-22,5861.2001953125,5972.0,5835.10009765625,5972.0,585793000
1999-01-25,5880.89990234375,5905.7998046875,5749.2998046875,5844.5,381671000
1999-01-26,5885.7001953125,5927.7998046875,5822.89990234375,5893.7998046875,505551000
1999-01-27,5876.39990234375,5989.2998046875,5859.5,5947.7998046875,614935000
1999-01-28,5872.5,5959.7998046875,5841.2001953125,5856.7001953125,679932000
1999-01-29,5896.0,5941.7001953125,5832.0,5902.60009765625,614163000
1999-02-01,6012.39990234375,6045.0,5925.7001953125,5926.0,586046000
1999-02-02,6013.0,6031.7998046875,5915.2001953125,6004.7998046875,561166000
1999-02-03,5940.2998046875,6048.2001953125,5922.7998046875,6012.39990234375,624823000
1999-02-04,5939.89990234375,6041.5,5924.7001953125,5993.0,615080000
1999-02-05,5855.2998046875,5940.7998046875,5848.39990234375,5932.2001953125,524304000
1999-02-08,5834.89990234375,5867.39990234375,5789.60009765625,5867.39990234375,440523000
1999-02-09,5779.89990234375,5868.10009765625,5756.5,5838.5,510289000
1999-02-10,5770.2001953125,5779.60009765625,5697.7001953125,5779.60009765625,537083000
1999-02-11,5888.5,5888.7001953125,5792.10009765625,5792.10009765625,685796000
1999-02-12,5950.7001953125,6032.5,5880.2001953125,5940.0,675459000
1999-02-15,6023.2001953125,6033.2001953125,5924.0,5930.2001953125,354578000
1999-02-16,6108.60009765625,6133.2001953125,6042.60009765625,6042.60009765625,583208000
1999-02-17,6078.39990234375,6111.89990234375,6040.7001953125,6090.7001953125,530407000
1999-02-18,6074.89990234375,6117.7998046875,6007.10009765625,6084.10009765625,538899000
1999-02-19,6031.2001953125,6066.39990234375,6009.5,6066.2998046875,453555000
1999-02-22,6069.89990234375,6080.89990234375,5994.7998046875,6037.7001953125,469166000
1999-02-23,6155.2001953125,6185.2001953125,6111.89990234375,6118.7001953125,502257000
1999-02-24,6307.60009765625,6316.60009765625,6146.7998046875,6152.2001953125,593926000
1999-02-25,6206.5,6319.7998046875,6193.39990234375,6272.10009765625,687962000
1999-02-26,6175.10009765625,6222.7001953125,6156.60009765625,6207.0,523316000
1999-03-01,6060.89990234375,6185.2001953125,6032.7001953125,6177.5,467096000
1999-03-02,6061.2998046875,6089.60009765625,6033.5,6062.2998046875,452505000
1999-03-03,6048.2998046875,6116.0,6039.89990234375,6057.2998046875,510207000
1999-03-04,6101.5,6117.89990234375,6021.39990234375,6057.10009765625,597497000
1999-03-05,6205.5,6243.2998046875,6122.5,6141.7001953125,574841000
1999-03-08,6208.89990234375,6234.5,6174.60009765625,6210.0,433866000
1999-03-09,6237.7001953125,6287.2998046875,6196.89990234375,6220.5,501440000
1999-03-10,6241.5,6242.10009765625,6168.60009765625,6232.7001953125,582304000
1999-03-11,6335.7001953125,6360.2998046875,6241.2001953125,6290.39990234375,707202000
1999-03-12,6282.2001953125,6365.39990234375,6272.7998046875,6332.10009765625,592987000
1999-03-15,6206.7998046875,6280.7998046875,6159.39990234375,6259.2001953125,1020475000
1999-03-16,6201.89990234375,6269.60009765625,6181.2001953125,6216.7998046875,529761000
1999-03-17,6140.60009765625,6194.5,6109.7001953125,6194.5,519472000
1999-03-18,6114.2998046875,6161.39990234375,6074.89990234375,6144.7998046875,584552000
1999-03-19,6163.2001953125,6211.2001953125,6135.60009765625,6160.7998046875,643500000
1999-03-22,6152.7998046875,6200.10009765625,6128.89990234375,6155.2001953125,473538000
1999-03-23,6060.5,6124.7001953125,6048.60009765625,6079.7001953125,513031000
1999-03-24,6016.7001953125,6044.89990234375,5968.2998046875,6044.89990234375,665220000
1999-03-25,6085.0,6095.89990234375,6024.39990234375,6024.39990234375,660306000
1999-03-26,6139.2001953125,6139.2998046875,6061.60009765625,6087.2998046875,691385000
1999-03-29,6252.89990234375,6253.7998046875,6138.2998046875,6157.7998046875,438246000
1999-03-30,6264.2001953125,6278.7998046875,6237.60009765625,6265.7998046875,609845000
1999-03-31,6295.2998046875,6352.5,6263.2001953125,6263.2001953125,489508000
1999-04-01,6330.0,6399.10009765625,6280.7001953125,6283.10009765625,529933000
1999-04-06,6415.2998046875,6443.89990234375,6367.2001953125,6367.2001953125,513649000
1999-04-07,6473.2001953125,6496.10009765625,6421.89990234375,6421.89990234375,535940000
1999-04-08,6437.89990234375,6489.7001953125,6405.2001953125,6478.2998046875,472954000
1999-04-09,6472.7998046875,6512.10009765625,6416.5,6460.2001953125,527658000
1999-04-12,6441.2001953125,6463.7998046875,6377.2001953125,6463.7998046875,460944000
1999-04-13,6513.10009765625,6519.5,6463.60009765625,6463.60009765625,546087000
1999-04-14,6493.60009765625,6539.89990234375,6463.60009765625,6511.2998046875,633821000
1999-04-15,6466.10009765625,6517.60009765625,6443.2998046875,6487.10009765625,630641000
1999-04-16,6420.60009765625,6513.2001953125,6410.7998046875,6494.2001953125,869380000
1999-04-19,6515.2998046875,6515.2998046875,6414.60009765625,6433.7001953125,522511000
1999-04-20,6319.7998046875,6446.7001953125,6280.2001953125,6446.7001953125,620204000
1999-04-21,6311.0,6342.10009765625,6285.0,6324.7998046875,673298000
1999-04-22,6413.60009765625,6457.10009765625,6362.2001953125,6362.2001953125,675280000
1999-04-23,6428.0,6469.2001953125,6418.7998046875,6442.60009765625,469680000
1999-04-26,6503.60009765625,6521.89990234375,6434.89990234375,6434.89990234375,463347000
1999-04-27,6593.60009765625,6635.89990234375,6522.7998046875,6527.5,531574000
1999-04-28,6598.7998046875,6613.0,6577.7998046875,6595.5,587528000
1999-04-29,6497.60009765625,6592.0,6493.60009765625,6592.0,543516000
1999-04-30,6552.2001953125,6585.0,6520.5,6520.5,519794000
1999-05-04,6533.10009765625,6663.7998046875,6515.7001953125,6593.5,578581000
1999-05-05,6401.7001953125,6527.39990234375,6401.7001953125,6527.39990234375,516462000
1999-05-06,6406.60009765625,6485.7001953125,6351.7998046875,6427.7001953125,676383000
1999-05-07,6356.0,6411.60009765625,6336.2001953125,6411.60009765625,561266000
1999-05-10,6348.7998046875,6390.2998046875,6280.39990234375,6374.0,439692000
1999-05-11,6378.2998046875,6390.39990234375,6349.7001953125,6350.5,585002000
1999-05-12,6343.10009765625,6389.60009765625,6283.10009765625,6385.60009765625,582469000
1999-05-13,6456.60009765625,6466.0,6352.60009765625,6352.60009765625,477352000
1999-05-14,6300.39990234375,6465.5,6261.39990234375,6460.0,515074000
1999-05-17,6165.7998046875,6285.39990234375,6160.5,6285.39990234375,412365000
1999-05-18,6206.39990234375,6225.7001953125,6147.60009765625,6191.5,559136000
1999-05-19,6266.7001953125,6268.2001953125,6193.0,6229.0,734705000
1999-05-20,6368.2001953125,6371.2998046875,6285.10009765625,6285.10009765625,628174000
1999-05-21,6353.10009765625,6391.89990234375,6345.10009765625,6368.7998046875,477114000
1999-05-24,6322.10009765625,6462.2998046875,6322.10009765625,6362.7998046875,369539000
1999-05-25,6249.2998046875,6280.7998046875,6184.7998046875,6280.7998046875,679625000
1999-05-26,6236.7998046875,6292.0,6178.10009765625,6244.2001953125,572601000
1999-05-27,6199.5,6279.7998046875,6155.2001953125,6246.7998046875,553814000
1999-05-28,6226.2001953125,6229.10009765625,6110.10009765625,6193.5,484224000
1999-06-01,6250.0,6354.2998046875,6227.5,6231.0,508055000
1999-06-02,6302.2001953125,6313.7998046875,6243.10009765625,6248.0,482194000
1999-06-03,6348.60009765625,6359.7001953125,6302.2001953125,6315.89990234375,384905000
1999-06-04,6361.5,6365.7998046875,6274.10009765625,6348.2001953125,369446000
1999-06-07,6412.0,6425.89990234375,6380.5,6392.7001953125,418248000
1999-06-08,6431.5,6466.39990234375,6410.5,6414.2001953125,428610000
1999-06-09,6453.0,6472.39990234375,6418.7001953125,6429.2001953125,448392000
1999-06-10,6403.39990234375,6469.39990234375,6381.5,6455.2001953125,507698000
1999-06-11,6484.7998046875,6501.5,6406.39990234375,6407.89990234375,429696000
1999-06-14,6430.2001953125,6495.2998046875,6402.10009765625,6495.2998046875,919104000
1999-06-15,6451.2001953125,6451.39990234375,6403.7998046875,6435.10009765625,551012000
1999-06-16,6504.89990234375,6535.2998046875,6430.7998046875,6460.2998046875,596573000
1999-06-17,6493.60009765625,6548.10009765625,6465.7998046875,6518.0,466348000
1999-06-18,6527.7998046875,6593.10009765625,6508.89990234375,6511.10009765625,581088000
1999-06-21,6581.2998046875,6613.60009765625,6551.7998046875,6551.7998046875,534898000
1999-06-22,6552.39990234375,6571.60009765625,6513.10009765625,6567.10009765625,473448000
1999-06-23,6496.5,6557.60009765625,6471.60009765625,6557.60009765625,690641000
1999-06-24,6416.7001953125,6514.2998046875,6404.7001953125,6498.2998046875,660525000
1999-06-25,6435.39990234375,6446.2001953125,6379.60009765625,6409.39990234375,497287000
1999-06-28,6405.7998046875,6438.2001953125,6388.7998046875,6436.89990234375,392607000
1999-06-29,6307.10009765625,6430.2998046875,6301.7998046875,6414.89990234375,690910000
1999-06-30,6318.5,6371.60009765625,6287.89990234375,6338.10009765625,616271000
1999-07-01,6488.89990234375,6489.0,6372.10009765625,6372.10009765625,698925000
1999-07-02,6491.89990234375,6521.7998046875,6459.5,6494.7001953125,521552000
1999-07-05,6592.0,6606.89990234375,6516.0,6516.10009765625,583278000
1999-07-06,6620.60009765625,6620.7998046875,6543.89990234375,6591.7998046875,484454000
1999-07-07,6597.39990234375,6631.5,6560.60009765625,6606.7998046875,600260000
1999-07-08,6557.2998046875,6649.5,6520.10009765625,6603.39990234375,604282000
1999-07-09,6562.60009765625,6585.10009765625,6538.7998046875,6554.7001953125,508528000
1999-07-12,6545.5,6623.7998046875,6544.10009765625,6565.5,564562000
1999-07-13,6445.60009765625,6545.7001953125,6445.60009765625,6545.7001953125,493232000
1999-07-14,6473.10009765625,6535.89990234375,6453.89990234375,6456.39990234375,586119000
1999-07-15,6575.0,6583.7001953125,6470.2998046875,6484.7001953125,547621000
1999-07-16,6563.2998046875,6592.2001953125,6544.2001953125,6586.7001953125,461859000
1999-07-19,6483.7001953125,6622.10009765625,6476.5,6568.60009765625,381659000
1999-07-20,6392.0,6478.5,6384.89990234375,6468.7001953125,577555000
1999-07-21,6329.7998046875,6374.39990234375,6310.0,6370.7998046875,585784000
1999-07-22,6297.7998046875,6355.5,6272.7998046875,6343.2001953125,570857000
1999-07-23,6207.39990234375,6305.5,6199.10009765625,6285.7001953125,530019000
1999-07-26,6169.10009765625,6223.89990234375,6092.10009765625,6207.7001953125,457057000
1999-07-27,6262.7998046875,6281.7001953125,6191.39990234375,6191.39990234375,476667000
1999-07-28,6297.2001953125,6316.2001953125,6258.0,6272.5,558392000
1999-07-29,6117.5,6257.60009765625,6117.5,6257.0,544353000
1999-07-30,6231.89990234375,6232.7998046875,6142.0,6145.7998046875,541800000
1999-08-02,6288.2998046875,6301.89990234375,6156.7001953125,6228.39990234375,408957000
1999-08-03,6250.7001953125,6298.10009765625,6220.10009765625,6285.0,561676000
1999-08-04,6235.39990234375,6282.89990234375,6218.7998046875,6253.2998046875,489970000
1999-08-05,6101.60009765625,6198.39990234375,6078.5,6198.39990234375,596869000
1999-08-06,6121.0,6179.2998046875,6098.7998046875,6130.2998046875,472860000
1999-08-09,6126.5,6164.89990234375,6112.10009765625,6125.89990234375,384825000
1999-08-10,5978.39990234375,6126.89990234375,5976.2001953125,6125.10009765625,553007000
1999-08-11,6014.39990234375,6049.10009765625,5980.0,5980.39990234375,474682000
1999-08-12,6153.2998046875,6153.2998046875,6045.2001953125,6045.2001953125,512695000
1999-08-13,6245.10009765625,6247.7001953125,6115.7001953125,6142.2001953125,576230000
1999-08-16,6235.39990234375,6263.5,6207.2998046875,6246.60009765625,364238000
1999-08-17,6166.5,6240.5,6166.2001953125,6232.7998046875,461237000
1999-08-18,6201.7998046875,6233.0,6160.60009765625,6168.7001953125,512588000
1999-08-19,6118.0,6217.89990234375,6104.2001953125,6210.10009765625,518015000
1999-08-20,6180.7998046875,6187.2998046875,6130.2998046875,6135.39990234375,387124000
1999-08-23,6322.10009765625,6330.0,6185.7001953125,6185.7001953125,451157000
1999-08-24,6315.10009765625,6333.7001953125,6286.5,6326.2998046875,429530000
1999-08-25,6369.5,6399.60009765625,6345.89990234375,6345.89990234375,554520000
1999-08-26,6383.89990234375,6434.39990234375,6361.5,6382.5,517989000
1999-08-27,6375.2001953125,6413.2998046875,6350.10009765625,6378.89990234375,390603000
1999-08-31,6246.39990234375,6350.7998046875,6246.39990234375,6350.7998046875,438278000
1999-09-01,6276.2001953125,6279.89990234375,6207.39990234375,6251.10009765625,495028000
1999-09-02,6195.60009765625,6277.2998046875,6168.2998046875,6271.7001953125,521857000
1999-09-03,6332.2001953125,6342.0,6207.7001953125,6209.89990234375,494971000
1999-09-06,6375.7001953125,6388.39990234375,6351.39990234375,6360.60009765625,335106000
1999-09-07,6309.5,6381.60009765625,6302.5,6376.7001953125,440644000
1999-09-08,6253.60009765625,6316.0,6158.7998046875,6316.0,479165000
1999-09-09,6260.60009765625,6271.2001953125,6242.2998046875,6255.5,464004000
1999-09-10,6191.0,6300.39990234375,6191.0,6278.10009765625,478352000
1999-09-13,6169.0,6232.2998046875,6127.0,6206.5,403331000
1999-09-14,6116.0,6250.89990234375,6104.89990234375,6186.2001953125,469220000
1999-09-15,6067.7001953125,6118.39990234375,6043.60009765625,6109.2998046875,624557000
1999-09-16,6014.60009765625,6082.0,6010.0,6048.2998046875,518915000
1999-09-17,6039.7998046875,6062.0,6012.39990234375,6030.7001953125,550444000
1999-09-20,6056.5,6094.7001953125,6030.2998046875,6039.7998046875,477328000
1999-09-21,5957.2998046875,6080.7001953125,5942.89990234375,6056.5,679411000
1999-09-22,5913.89990234375,5965.7001953125,5868.39990234375,5957.2998046875,652801000
1999-09-23,5969.7001953125,6022.2001953125,5910.10009765625,5913.89990234375,738646000
1999-09-24,5937.60009765625,5989.7001953125,5900.7998046875,5969.7001953125,936648000
1999-09-27,6078.60009765625,6087.7001953125,5937.60009765625,5937.60009765625,585408000
1999-09-28,6007.2001953125,6078.60009765625,6006.7998046875,6078.60009765625,511668000
1999-09-29,6020.60009765625,6077.2001953125,5941.5,6007.2001953125,459203000
1999-09-30,6029.7998046875,6041.60009765625,5964.5,6020.60009765625,458570000
1999-10-01,5970.7001953125,6059.7998046875,5960.2998046875,6029.7998046875,569168000
1999-10-04,6052.89990234375,6057.2001953125,5967.2998046875,5970.7001953125,445882000
1999-10-05,6084.5,6100.2001953125,6042.39990234375,6052.89990234375,515629000
1999-10-06,6097.5,6097.5,6012.5,6084.5,662834000
1999-10-07,6200.5,6221.7001953125,6097.5,6097.5,698053000
1999-10-08,6199.39990234375,6250.7998046875,6160.60009765625,6200.39990234375,524039000
1999-10-11,6234.7998046875,6238.7001953125,6185.7998046875,6199.39990234375,449854000
1999-10-12,6174.89990234375,6242.7998046875,6164.89990234375,6234.7998046875,677902000
1999-10-13,6113.39990234375,6174.7998046875,6079.0,6174.7998046875,579557000
1999-10-14,6039.39990234375,6131.60009765625,6038.10009765625,6113.39990234375,676988000
1999-10-15,5907.2998046875,6039.39990234375,5842.2998046875,6039.39990234375,670374000
1999-10-18,5869.2001953125,5907.2998046875,5798.2998046875,5907.2998046875,419844000
1999-10-19,5993.7001953125,5993.7001953125,5869.2001953125,5869.2001953125,703616000
1999-10-20,6006.7001953125,6028.5,5970.0,5993.7001953125,689519000
1999-10-21,5939.2998046875,6043.7998046875,5888.10009765625,6006.7001953125,876247000
1999-10-22,6058.89990234375,6060.2001953125,5939.2998046875,5939.2998046875,684224000
1999-10-25,6009.39990234375,6109.39990234375,5991.7001953125,6058.89990234375,664108000
1999-10-26,6092.39990234375,6096.7001953125,5994.7998046875,6009.39990234375,526276000
1999-10-27,6045.7001953125,6092.39990234375,6016.7001953125,6092.39990234375,558246000
1999-10-28,6149.10009765625,6166.5,5990.10009765625,6045.7001953125,803535000
1999-10-29,6255.7001953125,6279.2998046875,6146.2998046875,6149.10009765625,754646000
1999-11-01,6284.0,6297.7998046875,6232.2001953125,6255.7001953125,444313000
1999-11-02,6252.0,6284.0,6231.0,6284.0,593045000
1999-11-03,6280.7998046875,6298.7998046875,6231.2001953125,6252.0,613871000
1999-11-04,6331.2998046875,6357.2001953125,6280.2998046875,6280.7998046875,722251000
1999-11-05,6356.60009765625,6402.0,6309.2001953125,6331.2998046875,713905000
1999-11-08,6374.2998046875,6398.0,6338.5,6356.60009765625,492501000
1999-11-09,6435.5,6483.10009765625,6374.2998046875,6374.2998046875,754035000
1999-11-10,6447.0,6475.0,6416.7998046875,6435.5,620981000
1999-11-11,6551.39990234375,6552.7001953125,6447.0,6447.0,778096000
1999-11-12,6511.60009765625,6612.7998046875,6488.10009765625,6551.39990234375,872255000
1999-11-15,6533.60009765625,6574.60009765625,6498.10009765625,6511.60009765625,698814000
1999-11-16,6583.0,6596.39990234375,6524.2001953125,6533.60009765625,847962000
1999-11-17,6555.7001953125,6627.10009765625,6534.5,6583.0,1134824000
1999-11-18,6550.7998046875,6590.0,6520.5,6555.7001953125,1121728000
1999-11-19,6482.2998046875,6593.39990234375,6456.2001953125,6550.7998046875,1040161000
1999-11-22,6442.0,6564.60009765625,6422.0,6482.2998046875,637864000
1999-11-23,6534.2001953125,6551.2998046875,6426.60009765625,6442.0,884722000
1999-11-24,6561.7998046875,6569.5,6493.7001953125,6534.2001953125,741816000
1999-11-25,6682.7998046875,6686.10009765625,6558.0,6561.7998046875,785592000
1999-11-26,6684.7998046875,6743.10009765625,6654.39990234375,6682.7998046875,810689000
1999-11-29,6692.2998046875,6759.2998046875,6659.60009765625,6684.7998046875,602630000
1999-11-30,6597.2001953125,6692.2998046875,6586.7998046875,6692.2998046875,881508000
1999-12-01,6646.0,6655.7998046875,6575.2998046875,6597.2001953125,642023000
1999-12-02,6653.7001953125,6694.2001953125,6623.0,6646.0,946100000
1999-12-03,6742.2001953125,6772.10009765625,6652.2998046875,6653.7001953125,954355000
1999-12-06,6694.0,6769.39990234375,6657.10009765625,6742.2001953125,640360000
1999-12-07,6660.89990234375,6728.89990234375,6659.7001953125,6694.0,729797000
1999-12-08,6619.39990234375,6660.89990234375,6609.5,6660.89990234375,916311000
1999-12-09,6680.7998046875,6688.0,6619.39990234375,6619.39990234375,734306000
1999-12-10,6739.5,6740.10009765625,6659.7001953125,6680.7998046875,866866000
1999-12-13,6710.7001953125,6769.7001953125,6710.7001953125,6739.5,610591000
1999-12-14,6702.10009765625,6735.2998046875,6663.2001953125,6710.7001953125,824099000
1999-12-15,6633.7998046875,6716.0,6588.7001953125,6702.10009765625,760261000
1999-12-16,6672.0,6705.10009765625,6633.7998046875,6633.7998046875,702661000
1999-12-17,6724.60009765625,6757.0,6646.39990234375,6672.0,639206000
1999-12-20,6731.2001953125,6761.7001953125,6707.0,6724.60009765625,369406000
1999-12-21,6707.5,6731.2001953125,6675.60009765625,6731.2001953125,409497000
1999-12-22,6728.60009765625,6750.2998046875,6691.60009765625,6707.5,261093000
1999-12-23,6776.7998046875,6803.10009765625,6722.7998046875,6728.60009765625,203131000
1999-12-24,6806.5,6815.7001953125,6772.89990234375,6776.7998046875,65604000
1999-12-29,6835.89990234375,6860.7998046875,6801.10009765625,6806.5,164536000
1999-12-30,6930.2001953125,6950.60009765625,6835.89990234375,6835.89990234375,89162000
2000-01-04,6665.89990234375,6930.2001953125,6662.89990234375,6930.2001953125,633449000
2000-01-05,6535.89990234375,6665.89990234375,6500.39990234375,6665.89990234375,670234000
2000-01-06,6447.2001953125,6547.2998046875,6424.39990234375,6535.89990234375,785532000
2000-01-07,6504.7998046875,6532.39990234375,6438.7998046875,6447.2001953125,888306000
2000-01-10,6607.7001953125,6634.2001953125,6504.7998046875,6504.7998046875,735455000
2000-01-11,6518.89990234375,6638.10009765625,6510.7998046875,6607.7001953125,863011000
2000-01-12,6532.7998046875,6532.7998046875,6470.2998046875,6518.89990234375,779904000
2000-01-13,6531.5,6596.5,6509.39990234375,6532.7998046875,865831000
2000-01-14,6658.2001953125,6666.7998046875,6531.5,6531.5,1098626000
2000-01-17,6669.5,6694.2998046875,6638.2998046875,6658.2001953125,923472000
2000-01-18,6504.60009765625,6695.89990234375,6491.5,6669.5,854700000
2000-01-19,6445.5,6505.89990234375,6434.39990234375,6504.60009765625,863686000
2000-01-20,6348.7001953125,6492.7001953125,6328.2998046875,6445.39990234375,1008169000
2000-01-21,6346.2998046875,6374.7001953125,6287.10009765625,6348.7001953125,1007934000
2000-01-24,6379.7998046875,6480.39990234375,6346.2998046875,6346.2998046875,672107000
2000-01-25,6274.10009765625,6379.7998046875,6262.89990234375,6379.7998046875,805330000
2000-01-26,6375.60009765625,6380.0,6270.39990234375,6274.10009765625,1021822000
2000-01-27,6441.0,6451.60009765625,6375.60009765625,6375.60009765625,816596000
2000-01-28,6375.60009765625,6475.10009765625,6354.7998046875,6441.0,918227000
2000-01-31,6268.5,6375.60009765625,6246.7998046875,6375.60009765625,931453000
2000-02-01,6290.89990234375,6367.10009765625,6231.89990234375,6268.5,1214559000
2000-02-02,6302.7998046875,6345.2001953125,6241.60009765625,6290.89990234375,1336831000
2000-02-03,6324.2998046875,6393.5,6251.60009765625,6302.7998046875,1865400000
2000-02-04,6185.0,6364.89990234375,6171.2001953125,6324.2998046875,2309287000
2000-02-07,6118.60009765625,6232.10009765625,6100.7001953125,6185.0,1230759000
2000-02-08,6285.7998046875,6295.7001953125,6117.2998046875,6118.60009765625,2217462000
2000-02-09,6315.39990234375,6450.89990234375,6271.5,6285.7998046875,1840149000
2000-02-10,6279.7998046875,6320.0,6199.7998046875,6315.39990234375,2218541000
2000-02-11,6193.2998046875,6325.7001953125,6127.39990234375,6279.7998046875,3433671000
2000-02-14,6068.60009765625,6197.5,6027.5,6193.2998046875,1429935000
2000-02-15,6005.2001953125,6167.5,5972.7001953125,6068.60009765625,1510016000
2000-02-16,6147.39990234375,6147.39990234375,6002.5,6005.2001953125,1614733000
2000-02-17,6209.2998046875,6262.2001953125,6102.89990234375,6147.39990234375,1522351000
2000-02-18,6165.0,6264.10009765625,6151.39990234375,6209.2998046875,1098726000
2000-02-21,6081.60009765625,6193.60009765625,6029.89990234375,6165.0,960304000
2000-02-22,6014.7001953125,6172.7998046875,6002.7001953125,6081.60009765625,1830338000
2000-02-23,6144.10009765625,6167.2998046875,6014.7001953125,6014.7001953125,1393864000
2000-02-24,6086.7001953125,6288.7998046875,6070.89990234375,6144.10009765625,1213197000
2000-02-25,6198.0,6198.0,6086.7001953125,6086.7001953125,1181230000
2000-02-28,6099.60009765625,6271.10009765625,6054.10009765625,6198.0,925049000
2000-02-29,6232.60009765625,6245.5,6099.60009765625,6099.60009765625,1121708000
2000-03-01,6364.89990234375,6387.2998046875,6232.60009765625,6232.60009765625,1499256000
2000-03-02,6432.10009765625,6436.5,6324.2001953125,6364.89990234375,1124952000
2000-03-03,6487.5,6506.2998046875,6403.0,6432.10009765625,1107792000
2000-03-06,6567.7998046875,6593.2998046875,6457.0,6487.5,1334247000
2000-03-07,6466.5,6568.2998046875,6465.5,6567.7998046875,1164979000
2000-03-08,6411.2001953125,6479.7001953125,6387.2001953125,6466.5,1315382000
2000-03-09,6532.10009765625,6544.2001953125,6411.2001953125,6411.2001953125,983965000
2000-03-10,6568.7001953125,6642.5,6532.10009765625,6532.10009765625,1005534000
2000-03-13,6466.89990234375,6568.7001953125,6380.60009765625,6568.7001953125,822972000
2000-03-14,6487.10009765625,6539.7001953125,6457.10009765625,6466.89990234375,753821000
2000-03-15,6447.0,6487.10009765625,6396.10009765625,6487.10009765625,1196995000
2000-03-16,6557.2998046875,6618.2001953125,6447.0,6447.0,1361503000
2000-03-17,6558.0,6713.10009765625,6504.10009765625,6557.2001953125,1309177000
2000-03-20,6624.5,6653.39990234375,6523.2998046875,6558.0,764551000
2000-03-21,6617.89990234375,6630.60009765625,6543.39990234375,6624.5,1079931000
2000-03-22,6609.60009765625,6692.2998046875,6551.7001953125,6617.89990234375,1181720000
2000-03-23,6594.60009765625,6617.7998046875,6538.7001953125,6609.60009765625,856587000
2000-03-24,6738.5,6755.10009765625,6594.60009765625,6594.60009765625,1088155000
2000-03-27,6687.2001953125,6770.39990234375,6654.39990234375,6738.5,789449000
2000-03-28,6650.10009765625,6734.89990234375,6623.7001953125,6687.2001953125,726224000
2000-03-29,6598.7998046875,6657.2998046875,6570.2998046875,6650.10009765625,892675000
2000-03-30,6445.2001953125,6598.7998046875,6418.5,6598.7998046875,1119761000
2000-03-31,6540.2001953125,6557.39990234375,6385.7998046875,6445.2001953125,1019644000
2000-04-03,6462.10009765625,6540.2001953125,6437.89990234375,6540.2001953125,949900000
2000-04-04,6427.0,6531.2998046875,6415.5,6462.10009765625,1278570000
2000-04-05,6379.2998046875,6428.5,6283.2001953125,6427.0,566610000
2000-04-06,6451.10009765625,6464.89990234375,6353.7998046875,6379.2998046875,1068579000
2000-04-07,6569.89990234375,6586.2998046875,6451.10009765625,6451.10009765625,857438000
2000-04-10,6533.39990234375,6579.60009765625,6510.39990234375,6569.89990234375,816581000
2000-04-11,6379.2001953125,6534.0,6358.39990234375,6533.39990234375,1114607000
2000-04-12,6350.7998046875,6443.5,6333.60009765625,6379.2001953125,931780000
2000-04-13,6357.0,6381.89990234375,6268.39990234375,6350.7998046875,1107726000
2000-04-14,6178.10009765625,6359.10009765625,6149.7998046875,6357.0,996451000
2000-04-17,5994.60009765625,6178.10009765625,5915.2001953125,6178.10009765625,1204901000
2000-04-18,6074.0,6084.2001953125,5951.7001953125,5994.60009765625,1016954000
2000-04-19,6184.89990234375,6193.60009765625,6074.0,6074.0,1251275000
2000-04-20,6241.2001953125,6248.10009765625,6134.39990234375,6184.89990234375,879208000
2000-04-25,6283.0,6313.7998046875,6155.7001953125,6241.2001953125,1028703000
2000-04-26,6256.5,6342.2001953125,6247.0,6283.0,1031032000
2000-04-27,6179.2998046875,6306.2001953125,6127.89990234375,6256.5,970702000
2000-04-28,6327.39990234375,6341.89990234375,6179.2998046875,6179.2998046875,882175000
2000-05-02,6373.39990234375,6412.60009765625,6311.89990234375,6327.39990234375,1035666000
2000-05-03,6184.7998046875,6373.39990234375,6176.10009765625,6373.39990234375,825000000
2000-05-04,6199.60009765625,6231.39990234375,6162.5,6184.7998046875,906960000
2000-05-05,6238.7998046875,6267.89990234375,6190.5,6199.60009765625,845274000
2000-05-08,6216.2998046875,6299.39990234375,6174.2998046875,6238.7998046875,603450000
2000-05-09,6123.7998046875,6243.10009765625,6112.89990234375,6216.2998046875,901816000
2000-05-10,6100.7001953125,6182.89990234375,6090.2001953125,6123.7998046875,1171742000
2000-05-11,6245.89990234375,6263.60009765625,6051.5,6100.60009765625,1084977000
2000-05-12,6283.5,6304.2001953125,6220.60009765625,6245.89990234375,870252000
2000-05-15,6247.7001953125,6290.5,6218.2001953125,6283.5,688447000
2000-05-16,6318.39990234375,6349.10009765625,6247.7001953125,6247.7001953125,982524000
2000-05-17,6196.2001953125,6321.60009765625,6189.2001953125,6318.39990234375,700311000
2000-05-18,6233.0,6256.0,6196.2001953125,6196.2001953125,711940000
2000-05-19,6045.39990234375,6237.60009765625,6039.10009765625,6232.89990234375,937082000
2000-05-22,6035.5,6130.10009765625,5991.89990234375,6045.39990234375,897441000
2000-05-23,6086.7998046875,6128.5,6026.10009765625,6035.5,819943000
2000-05-24,6118.60009765625,6127.10009765625,5997.60009765625,6086.7998046875,1074882000
2000-05-25,6231.10009765625,6234.60009765625,6118.60009765625,6118.60009765625,1032468000
2000-05-26,6216.89990234375,6252.2001953125,6153.2001953125,6231.10009765625,778243000
2000-05-30,6359.60009765625,6379.7001953125,6216.89990234375,6216.89990234375,979689000
2000-05-31,6359.39990234375,6419.89990234375,6325.5,6359.60009765625,1273734000
2000-06-01,6470.5,6476.89990234375,6344.39990234375,6359.2998046875,794675000
2000-06-02,6626.39990234375,6634.89990234375,6445.5,6470.5,1324934000
2000-06-05,6546.7001953125,6635.7001953125,6540.39990234375,6626.39990234375,778810000
2000-06-06,6546.7998046875,6619.60009765625,6490.0,6546.7001953125,1011856000
2000-06-07,6503.7998046875,6546.7998046875,6476.39990234375,6546.7998046875,786068000
2000-06-08,6496.60009765625,6592.7001953125,6469.7998046875,6503.7998046875,764418000
2000-06-09,6443.7998046875,6512.39990234375,6438.10009765625,6496.60009765625,661766000
2000-06-12,6430.89990234375,6479.7998046875,6430.89990234375,6443.7998046875,452014000
2000-06-13,6447.10009765625,6515.2001953125,6430.7998046875,6430.89990234375,769796000
2000-06-14,6536.2998046875,6551.7001953125,6447.10009765625,6447.10009765625,855813000
2000-06-15,6490.7998046875,6566.2001953125,6490.7998046875,6536.2998046875,931717000
2000-06-16,6526.0,6566.7001953125,6474.89990234375,6490.7998046875,810817000
2000-06-19,6490.2001953125,6515.7001953125,6467.5,6490.7998046875,558986000
2000-06-20,6526.89990234375,6536.5,6490.2001953125,6490.2001953125,615307000
2000-06-21,6477.7998046875,6532.5,6429.0,6526.89990234375,671106000
2000-06-22,6413.7998046875,6530.7001953125,6413.7998046875,6477.7998046875,871871000
2000-06-23,6391.5,6413.7998046875,6367.7998046875,6413.7998046875,818585000
2000-06-26,6405.2001953125,6447.7001953125,6369.0,6391.5,579590000
2000-06-27,6375.2998046875,6428.39990234375,6365.60009765625,6405.2001953125,792112000
2000-06-28,6313.5,6394.39990234375,6310.7998046875,6375.2998046875,811699000
2000-06-29,6239.0,6321.0,6221.0,6313.5,1070826000
2000-06-30,6312.7001953125,6323.2001953125,6239.0,6239.0,925225000
2000-07-03,6470.39990234375,6470.39990234375,6309.2998046875,6312.7001953125,742606000
2000-07-04,6417.0,6470.39990234375,6405.2001953125,6470.39990234375,661401000
2000-07-05,6382.5,6446.0,6345.5,6417.0,921487000
2000-07-06,6419.60009765625,6438.39990234375,6341.39990234375,6382.5,829021000
2000-07-07,6497.5,6502.60009765625,6390.2001953125,6419.60009765625,793281000
2000-07-10,6466.2001953125,6515.2001953125,6463.2998046875,6497.5,610792000
2000-07-11,6475.7998046875,6510.10009765625,6450.5,6466.2001953125,800588000
2000-07-12,6518.5,6545.10009765625,6466.7998046875,6475.7998046875,965464000
2000-07-13,6475.7001953125,6530.7001953125,6460.2998046875,6518.5,1048434000
2000-07-14,6475.39990234375,6503.2001953125,6452.2001953125,6475.7001953125,826063000
2000-07-17,6525.5,6525.7001953125,6473.7001953125,6475.39990234375,767081000
2000-07-18,6450.5,6531.39990234375,6444.60009765625,6525.5,776029000
2000-07-19,6465.5,6493.39990234375,6420.39990234375,6450.5,746628000
2000-07-20,6469.0,6491.10009765625,6440.7001953125,6465.39990234375,752146000
2000-07-21,6378.39990234375,6469.0,6365.5,6469.0,698153000
2000-07-24,6381.2998046875,6422.60009765625,6333.0,6378.39990234375,571732000
2000-07-25,6390.7001953125,6402.10009765625,6354.5,6381.2998046875,701497000
2000-07-26,6387.10009765625,6425.60009765625,6378.89990234375,6390.7001953125,773683000
2000-07-27,6352.10009765625,6456.2998046875,6352.10009765625,6387.10009765625,1037890000
2000-07-28,6335.7001953125,6390.2998046875,6332.60009765625,6352.10009765625,947097000
2000-07-31,6365.2998046875,6365.2998046875,6274.89990234375,6335.7001953125,717274000
2000-08-01,6379.39990234375,6403.10009765625,6331.5,6365.2998046875,653743000
2000-08-02,6391.2998046875,6424.7001953125,6378.39990234375,6379.10009765625,1028551000
2000-08-03,6317.10009765625,6399.89990234375,6296.39990234375,6391.2998046875,994239000
2000-08-04,6363.5,6415.0,6317.10009765625,6317.10009765625,726236000
2000-08-07,6387.7998046875,6400.60009765625,6355.10009765625,6363.5,654157000
2000-08-08,6358.10009765625,6420.0,6350.2998046875,6387.7998046875,806944000
2000-08-09,6414.0,6463.10009765625,6358.10009765625,6358.10009765625,815315000
2000-08-10,6387.2998046875,6414.0,6369.39990234375,6414.0,675430000
2000-08-11,6384.5,6394.60009765625,6348.39990234375,6387.2998046875,893911000
2000-08-14,6419.89990234375,6451.2001953125,6365.5,6384.5,626670000
2000-08-15,6475.5,6482.7998046875,6419.89990234375,6419.89990234375,826280000
2000-08-16,6532.10009765625,6553.5,6457.0,6475.5,929615000
2000-08-17,6518.2001953125,6537.39990234375,6482.0,6532.0,899928000
2000-08-18,6543.7001953125,6552.0,6510.7998046875,6518.2001953125,804673000
2000-08-21,6542.2001953125,6555.5,6491.39990234375,6543.7001953125,605220000
2000-08-22,6584.7998046875,6605.2001953125,6520.2998046875,6542.2001953125,1119516000
2000-08-23,6566.2001953125,6590.7001953125,6535.2001953125,6584.7998046875,982635000
2000-08-24,6557.0,6605.5,6546.7001953125,6566.2001953125,1066864000
2000-08-25,6563.7001953125,6619.10009765625,6538.2998046875,6557.0,864787000
2000-08-29,6586.2998046875,6601.10009765625,6560.2001953125,6563.7001953125,717816000
2000-08-30,6615.10009765625,6624.89990234375,6586.10009765625,6586.2998046875,932981000
2000-08-31,6672.7001953125,6675.7001953125,6585.2001953125,6615.10009765625,1410547000
2000-09-01,6795.0,6838.60009765625,6672.7001953125,6672.7001953125,1315938000
2000-09-04,6798.10009765625,6828.7001953125,6783.0,6795.0,787014000
2000-09-05,6752.5,6809.5,6737.60009765625,6798.10009765625,882282000
2000-09-06,6694.7001953125,6766.0,6688.39990234375,6752.5,876857000
2000-09-07,6689.2001953125,6709.10009765625,6668.5,6694.7001953125,997218000
2000-09-08,6600.7001953125,6704.2001953125,6561.10009765625,6689.2001953125,924099000
2000-09-11,6582.0,6604.10009765625,6392.10009765625,6600.7001953125,964384000
2000-09-12,6555.5,6582.0,6528.5,6582.0,869437000
2000-09-13,6478.2001953125,6559.7998046875,6454.10009765625,6555.5,1013759000
2000-09-14,6555.5,6580.60009765625,6460.7001953125,6478.2001953125,1073628000
2000-09-15,6417.2998046875,6559.2001953125,6417.2998046875,6555.5,1124449000
2000-09-18,6410.2001953125,6464.2998046875,6371.39990234375,6417.2998046875,788776000
2000-09-19,6403.5,6413.39990234375,6360.60009765625,6410.2001953125,935475000
2000-09-20,6279.89990234375,6425.39990234375,6259.7001953125,6403.5,948538000
2000-09-21,6199.2001953125,6281.10009765625,6150.5,6279.89990234375,1400661000
2000-09-22,6205.89990234375,6205.89990234375,6075.10009765625,6199.2001953125,1176641000
2000-09-25,6257.10009765625,6310.0,6205.89990234375,6205.89990234375,988136000
2000-09-26,6213.2001953125,6257.60009765625,6192.7001953125,6257.10009765625,853537000
2000-09-27,6269.2998046875,6312.5,6200.7001953125,6213.2001953125,1098135000
2000-09-28,6264.10009765625,6290.60009765625,6210.7998046875,6269.2998046875,995853000
2000-09-29,6294.2001953125,6325.7001953125,6240.2998046875,6264.10009765625,816115000
2000-10-02,6284.5,6358.2001953125,6284.5,6294.2001953125,857794000
2000-10-03,6345.0,6364.60009765625,6284.5,6284.5,858136000
2000-10-04,6334.89990234375,6354.2001953125,6283.7998046875,6345.0,936017000
2000-10-05,6382.0,6393.10009765625,6330.89990234375,6334.89990234375,907715000
2000-10-06,6391.2001953125,6412.5,6342.2001953125,6382.0,998179000
2000-10-09,6264.7998046875,6391.2001953125,6253.60009765625,6391.2001953125,673410000
2000-10-10,6247.7001953125,6299.7001953125,6240.39990234375,6264.7998046875,1187386000
2000-10-11,6117.60009765625,6247.7001953125,6098.10009765625,6247.7001953125,1182103000
2000-10-12,6131.89990234375,6211.7998046875,6068.2998046875,6117.60009765625,972282000
2000-10-13,6209.60009765625,6209.60009765625,6050.7001953125,6131.89990234375,1102152000
2000-10-16,6285.7001953125,6292.0,6209.60009765625,6209.60009765625,957111000
2000-10-17,6203.2998046875,6290.0,6196.10009765625,6285.7001953125,1033527000
2000-10-18,6148.2001953125,6203.2001953125,6017.2001953125,6203.2001953125,997211000
2000-10-19,6218.89990234375,6246.10009765625,6148.2001953125,6148.2001953125,922598000
2000-10-20,6276.2998046875,6294.5,6210.2998046875,6218.89990234375,1054243000
2000-10-23,6315.89990234375,6326.7001953125,6271.5,6276.2998046875,731498000
2000-10-24,6438.39990234375,6452.7998046875,6299.39990234375,6315.89990234375,1113057000
2000-10-25,6367.7998046875,6438.39990234375,6330.0,6438.39990234375,963996000
2000-10-26,6302.2998046875,6389.0,6282.7001953125,6367.7998046875,868544000
2000-10-27,6366.60009765625,6407.89990234375,6302.2998046875,6302.2998046875,796202000
2000-10-30,6388.39990234375,6394.89990234375,6307.89990234375,6366.5,614124000
2000-10-31,6438.39990234375,6475.7998046875,6388.39990234375,6388.39990234375,986645000
2000-11-01,6457.60009765625,6508.60009765625,6396.2998046875,6438.39990234375,1095676000
2000-11-02,6392.0,6485.7001953125,6382.7001953125,6457.60009765625,1245662000
2000-11-03,6385.39990234375,6431.7001953125,6382.10009765625,6392.0,1232361000
2000-11-06,6431.0,6431.0,6385.39990234375,6385.39990234375,1006440000
2000-11-07,6466.89990234375,6466.89990234375,6406.5,6431.0,978289000
2000-11-08,6477.39990234375,6514.7001953125,6454.89990234375,6466.89990234375,945278000
2000-11-09,6442.2001953125,6498.5,6412.39990234375,6477.39990234375,900750000
2000-11-10,6400.2001953125,6442.2001953125,6338.5,6442.2001953125,910633000
2000-11-13,6274.7998046875,6400.2001953125,6269.2998046875,6400.2001953125,689530000
2000-11-14,6412.89990234375,6421.7001953125,6274.7998046875,6274.7998046875,1149117000
2000-11-15,6432.2998046875,6459.2998046875,6371.7001953125,6412.89990234375,928302000
2000-11-16,6430.39990234375,6480.0,6414.89990234375,6432.2998046875,1005376000
2000-11-17,6440.10009765625,6483.2998046875,6403.39990234375,6430.39990234375,738209000
2000-11-20,6345.0,6452.7998046875,6335.10009765625,6440.10009765625,852977000
2000-11-21,6382.2001953125,6393.7001953125,6333.2998046875,6345.0,818389000
2000-11-22,6221.39990234375,6377.7001953125,6216.10009765625,6377.7001953125,1159582000
2000-11-23,6287.2998046875,6287.2998046875,6217.5,6221.39990234375,710169000
2000-11-24,6327.60009765625,6359.2998046875,6237.2001953125,6287.2998046875,868355000
2000-11-27,6374.7001953125,6397.5,6323.2998046875,6327.60009765625,607018000
2000-11-28,6249.7998046875,6374.7001953125,6241.5,6374.7001953125,835284000
2000-11-29,6164.89990234375,6249.7998046875,6154.7001953125,6249.7998046875,964798000
2000-11-30,6142.2001953125,6164.89990234375,6070.0,6164.89990234375,968847000
2000-12-01,6170.39990234375,6189.89990234375,6130.5,6142.2001953125,1068234000
2000-12-04,6158.7001953125,6170.7998046875,6113.89990234375,6170.39990234375,660403000
2000-12-05,6299.0,6318.10009765625,6158.7001953125,6158.7001953125,998308000
2000-12-06,6273.2998046875,6365.60009765625,6258.7998046875,6299.0,1338563000
2000-12-07,6231.39990234375,6273.2998046875,6147.60009765625,6273.2998046875,986830000
2000-12-08,6288.2998046875,6343.10009765625,6222.2998046875,6231.39990234375,1062085000
2000-12-11,6370.39990234375,6370.60009765625,6288.2998046875,6288.2998046875,1032602000
2000-12-12,6390.39990234375,6393.60009765625,6333.2001953125,6370.2998046875,933824000
2000-12-13,6403.0,6421.5,6366.60009765625,6390.39990234375,1024556000
2000-12-14,6263.7998046875,6403.0,6235.7001953125,6403.0,1173849000
2000-12-15,6175.7998046875,6269.7001953125,6175.0,6263.7998046875,1201185000
2000-12-18,6246.5,6260.39990234375,6175.60009765625,6175.7998046875,652869000
2000-12-19,6295.0,6307.2998046875,6198.60009765625,6246.5,818249000
2000-12-20,6176.7001953125,6295.0,6138.39990234375,6295.0,892233000
2000-12-21,6115.5,6179.2998046875,6083.7001953125,6176.7001953125,996754000
2000-12-22,6097.5,6159.2001953125,6097.5,6115.5,293611000
2000-12-27,6218.2001953125,6218.2001953125,6097.5,6097.5,357446000
2000-12-28,6223.2001953125,6226.39990234375,6173.7001953125,6218.2001953125,315669000
2000-12-29,6222.5,6255.89990234375,6170.5,6223.2001953125,377041000
2001-01-02,6174.7001953125,6276.2001953125,6169.7998046875,6222.5,709054000
2001-01-03,6039.89990234375,6174.7001953125,6029.2998046875,6174.7001953125,1147114000
2001-01-04,6185.60009765625,6195.2998046875,6039.89990234375,6039.89990234375,1640397000
2001-01-05,6198.10009765625,6239.60009765625,6155.0,6185.60009765625,1293875000
2001-01-08,6149.60009765625,6212.39990234375,6137.7001953125,6198.10009765625,1449404000
2001-01-09,6088.10009765625,6195.89990234375,6066.39990234375,6149.60009765625,1321566000
2001-01-10,6059.89990234375,6119.89990234375,6040.39990234375,6088.10009765625,1621626000
2001-01-11,6114.89990234375,6114.89990234375,6052.10009765625,6059.89990234375,1505214000
2001-01-12,6165.5,6178.5,6109.7998046875,6114.89990234375,1501605000
2001-01-15,6170.2998046875,6193.39990234375,6148.7998046875,6165.5,736727000
2001-01-16,6083.2998046875,6173.7998046875,6076.7001953125,6170.2998046875,1239263000
2001-01-17,6197.39990234375,6205.5,6083.2998046875,6083.2998046875,1488431000
2001-01-18,6209.89990234375,6220.60009765625,6174.7998046875,6197.39990234375,1167056000
2001-01-19,6209.2998046875,6276.39990234375,6186.39990234375,6209.89990234375,1598592000
2001-01-22,6232.0,6252.2998046875,6162.89990234375,6209.2998046875,1183097000
2001-01-23,6214.7001953125,6232.2998046875,6187.89990234375,6232.0,853052000
2001-01-24,6264.39990234375,6309.2001953125,6214.7001953125,6214.7001953125,1183691000
2001-01-25,6255.60009765625,6296.89990234375,6229.2998046875,6264.39990234375,1302157000
2001-01-26,6294.2998046875,6295.0,6223.7998046875,6255.60009765625,1240417000
2001-01-29,6317.0,6335.10009765625,6269.39990234375,6294.2998046875,934173000
2001-01-30,6334.5,6337.39990234375,6300.2001953125,6317.0,1124787000
